{
  "id": "4881612",
  "name": "myfish",
  "font_family": "iconfont",
  "css_prefix_text": "icon-",
  "description": "",
  "glyphs": [
    {
      "icon_id": "3841009",
      "name": "鲤鱼",
      "font_class": "liyu",
      "unicode": "e69a",
      "unicode_decimal": 59034
    },
    {
      "icon_id": "3894042",
      "name": "黄鱼",
      "font_class": "huangyu",
      "unicode": "e604",
      "unicode_decimal": 58884
    },
    {
      "icon_id": "3894048",
      "name": "马头鱼",
      "font_class": "matouyu",
      "unicode": "e606",
      "unicode_decimal": 58886
    },
    {
      "icon_id": "3894050",
      "name": "秋刀鱼",
      "font_class": "qiudaoyu",
      "unicode": "e607",
      "unicode_decimal": 58887
    },
    {
      "icon_id": "3894053",
      "name": "鲶鱼",
      "font_class": "nianyu",
      "unicode": "e608",
      "unicode_decimal": 58888
    },
    {
      "icon_id": "3894054",
      "name": "三文鱼",
      "font_class": "sanwenyu",
      "unicode": "e609",
      "unicode_decimal": 58889
    },
    {
      "icon_id": "5131625",
      "name": "鱼",
      "font_class": "yu",
      "unicode": "e60a",
      "unicode_decimal": 58890
    },
    {
      "icon_id": "6303474",
      "name": "热带鱼",
      "font_class": "redaiyu",
      "unicode": "e696",
      "unicode_decimal": 59030
    }
  ]
}
