Link Name,Center of Mass X,Center of Mass Y,Center of Mass Z,Center of Mass Roll,Center of Mass Pitch,Center of Mass Yaw,Mass,Moment Ixx,Moment Ixy,Moment Ixz,Moment Iyy,Moment Iyz,Moment Izz,Visual X,Visual Y,Visual Z,Visual Roll,Visual Pitch,Visual Yaw,Mesh Filename,Color Red,Color Green,Color Blue,Color Alpha,Collision X,Collision Y,Collision Z,Collision Roll,Collision Pitch,Collision Yaw,Collision Mesh Filename,Material Name,SW Components,Coordinate System,Axis Name,Joint Name,Joint Type,Joint Origin X,Joint Origin Y,Joint Origin Z,Joint Origin Roll,Joint Origin Pitch,Joint Origin Yaw,Parent,Joint Axis X,Joint Axis Y,Joint Axis Z,Limit Effort,Limit Velocity,Limit Lower,Limit Upper,Calibration rising,Calibration falling,Dynamics Damping,Dynamics Friction,Safety Soft Upper,Safety Soft Lower,Safety K Position,Safety K Velocity
base_link,0.00592155751747036,0.00264739795502942,0.264898771492661,0,0,0,72.2443926032085,6.39572707295197,-0.0527501833940486,0.0362517197868083,6.37706555491713,0.036327660713083,7.89733883242796,0,0,0,0,0,0,package://urdf_0.step.SLDASM/meshes/base_link.STL,0.596078431372549,0.666666666666667,0.686274509803922,1,0,0,0,0,0,0,package://urdf_0.step.SLDASM/meshes/base_link.STL,,楸兼《-2.stp.step-1;鎬昏閰_鍔犻暱.STEP.step-1/搴曞骇瑁呴厤.step-1/搴曞骇.step.step-1/妤稿吋銆_1.stp.step.1399597024.step-1;鎬昏閰_鍔犻暱.STEP.step-1/搴曞骇瑁呴厤.step-1/搴曞骇.step.step-1/06161.STEP.step.1399597024.step-1;楸兼《-1 (3).step.step-1/楸兼《-1.stp.step-1;06161.STEP.step-1;鱼桶.step-1/楸兼《-2.stp.step-1,world_xyz,,,,0,0,0,0,0,0,,0,0,0,,,,,,,,,,,,
Link1,0.0101551234601349,-0.0202575868288238,0.052000394019057,0,0,0,0.025511989672441,1.04069951189528E-05,-3.36387352217125E-06,5.8298188863201E-10,1.54309063560545E-05,2.78825053604169E-10,8.72181752117163E-06,0,0,0,0,0,0,package://urdf_0.step.SLDASM/meshes/Link1.STL,0.792156862745098,0.819607843137255,0.933333333333333,1,0,0,0,0,0,0,package://urdf_0.step.SLDASM/meshes/Link1.STL,,鎬昏閰_鍔犻暱.STEP.step-1/搴曞骇瑁呴厤.step-1/b2.step.435581904.step-1;鎬昏閰_鍔犻暱.STEP.step-1/鑲╁叧鑺_.step-1/d1.step.435581904.step-1;鎬昏閰_鍔犻暱.STEP.step-1/鑲╁叧鑺_.step-1/61809鏉炲瓨澹檁Rolling bearings 61809 GB 276-94.step.435581904.step-1;鎬昏閰_鍔犻暱.STEP.step-1/鑲╁叧鑺_.step-1/鏉炴潙顨_.step.435581904.step-1,arm1xyz,arm1axis,jiont1,continuous,-0.327995057344905,-0.327966479958409,0.881749494219702,0,0,0,base_link,0,0,1,,,,,,,,,,,,
Link2,0.22103608377618,0.00394539786452652,0.00280919479281613,0,0,0,0.179192007927066,0.000159553766669079,1.40192237372147E-08,2.63063622753618E-07,0.000518547892567299,7.01173682588261E-10,0.000532105339446718,0,0,0,0,0,0,package://urdf_0.step.SLDASM/meshes/Link2.STL,0.792156862745098,0.819607843137255,0.933333333333333,1,0,0,0,0,0,0,package://urdf_0.step.SLDASM/meshes/Link2.STL,,鎬昏閰_鍔犻暱.STEP.step-1/4-鑵曞叧鑺_.step-1/b4.step.435581904.step-1;鎬昏閰_鍔犻暱.STEP.step-1/鑲╁叧鑺_.step-1/J2.step.435581904.step-1;鎬昏閰_鍔犻暱.STEP.step-1/L1.step.435581904.step-1;鎬昏閰_鍔犻暱.STEP.step-1/鑲樺叧鑺_.step-1/J3.step.435581904.step-1,arm2xyz,arm2axis,joint2,continuous,0,0,0.0520004187602979,1.5707963267949,0,0.464693919511475,Link1,0,0,1,,,,,,,,,,,,
Link3,0.164735774518679,0.0538704388320246,-0.000102045319931687,0,0,0,0.148286950290049,0.000199255890359773,-4.68634701741562E-05,-7.70760921180185E-08,0.000453559946547851,5.93454949519842E-09,0.000462698970512321,0,0,0,0,0,0,package://urdf_0.step.SLDASM/meshes/Link3.STL,0.792156862745098,0.819607843137255,0.933333333333333,1,0,0,0,0,0,0,package://urdf_0.step.SLDASM/meshes/Link3.STL,,鎬昏閰_鍔犻暱.STEP.step-1/鑲樺叧鑺_.step-1/b3.step.435581904.step-1;鎬昏閰_鍔犻暱.STEP.step-1/L2.step.435581904.step-1;鎬昏閰_鍔犻暱.STEP.step-1/4-鑵曞叧鑺_.step-1/J4.step.435581904.step-1;鎬昏閰_鍔犻暱.STEP.step-1/4-鑵曞叧鑺_.step-1/b4.step.435581904.step-1,arm3xyz,arm3axis,joint3,continuous,0.383000000000012,0,0,0,0,0,Link2,0,0,1,,,,,,,,,,,,
Link4,-0.00759873347168818,0.00730183457435896,0.0358876403091883,0,0,0,0.0436693429370491,5.19205376186875E-05,-2.53193582601562E-06,3.12272412198618E-06,5.19066286222027E-05,-3.73023278445224E-06,4.24941318068076E-05,0,0,0,0,0,0,package://urdf_0.step.SLDASM/meshes/Link4.STL,0.792156862745098,0.819607843137255,0.933333333333333,1,0,0,0,0,0,0,package://urdf_0.step.SLDASM/meshes/Link4.STL,,鎬昏閰_鍔犻暱.STEP.step-1/4-鑵曞叧鑺_.step-1/J5.step.435581904.step-1,arm4xyz,arm4axis,joint4,continuous,0.402799999994394,0.068019847259565,-0.00023031547384747,0,1.5707963267949,0,Link3,0,0,1,,,,,,,,,,,,
Link5,0.0494404477312438,0.0178522279757128,-0.00917639699787387,0,0,0,0.0716116595573667,5.90885538858775E-05,-1.02247035959465E-05,-1.86661487740191E-05,8.36219191528003E-05,-6.7372606726574E-06,8.35306418676334E-05,0,0,0,0,0,0,package://urdf_0.step.SLDASM/meshes/Link5.STL,0.494117647058824,0.494117647058824,0.525490196078431,1,0,0,0,0,0,0,package://urdf_0.step.SLDASM/meshes/Link5.STL,,鎬昏閰_鍔犻暱.STEP.step-1/4-鑵曞叧鑺_.step-1/FL57BLW12-24V-10N.m-DE.stp.step.383516985.step-1/1_1_02_EB571-960.stp.step.step-1;鎬昏閰_鍔犻暱.STEP.step-1/4-鑵曞叧鑺_.step-1/FL57BLW12-24V-10N.m-DE.stp.step.383516985.step-1/1_1_30_GR-2087_ASM.stp.step.383516985.step-1/XXL-15547_ASM.stp.step.383516985.step-1/SCXXKL.stp.step.step-1;鎬昏閰_鍔犻暱.STEP.step-1/4-鑵曞叧鑺_.step-1/FL57BLW12-24V-10N.m-DE.stp.step.383516985.step-1/1_1_30_GR-2087_ASM.stp.step.383516985.step-1/XXL-15547_ASM.stp.step.383516985.step-1/1_21_121000022__SGQZC619-4_4-.stp.step.step-1;鎬昏閰_鍔犻暱.STEP.step-1/4-鑵曞叧鑺_.step-1/FL57BLW12-24V-10N.m-DE.stp.step.383516985.step-1/1_1_04_EB572-5105.stp.step.step-1;鎬昏閰_鍔犻暱.STEP.step-1/4-鑵曞叧鑺_.step-1/J6.step.435581904.step-1;鎬昏閰_鍔犻暱.STEP.step-1/4-鑵曞叧鑺_.step-1/RS00.STEP2.step-1/FL57BLW12-24V-10N.m-DE.stp.step.383516985.step-2-1/1_1_02_EB571-960.stp.step.step-1;鎬昏閰_鍔犻暱.STEP.step-1/4-鑵曞叧鑺_.step-1/RS00.STEP2.step-1/FL57BLW12-24V-10N.m-DE.stp.step.383516985.step-2-1/1_1_30_GR-2087_ASM.stp.step.383516985.step-2-1/XXL-15547_ASM.stp.step.383516985.step-2-1/SGQZC__35.stp.step.step-1;鎬昏閰_鍔犻暱.STEP.step-1/4-鑵曞叧鑺_.step-1/RS00.STEP2.step-1/FL57BLW12-24V-10N.m-DE.stp.step.383516985.step-2-1/1_1_06_EB573-642.stp.step.step-1,arm5xyz,arm5axis,joint5,continuous,-0.000230315369357248,-1.98472595649424E-05,0.04519999999917,1.57079632653728,-1.22390963316467,-2.3762159334778,Link4,0,0,-1,,,,,,,,,,,,
Link6,6.13192578580168E-06,-5.17520722176368E-06,-0.00344042981878545,0,0,0,0.00437629655212492,3.91284216123555E-07,5.92533560292548E-11,8.81894595600235E-13,3.91244776029944E-07,-9.26759105921938E-13,7.48189447727354E-07,0,0,0,0,0,0,package://urdf_0.step.SLDASM/meshes/Link6.STL,0.792156862745098,0.819607843137255,0.933333333333333,1,0,0,0,0,0,0,package://urdf_0.step.SLDASM/meshes/Link6.STL,,鎬昏閰_鍔犻暱.STEP.step-1/4-鑵曞叧鑺_.step-1/RS00.STEP2.step-1/FL57BLW12-24V-10N.m-DE.stp.step.383516985.step-2-1/1_1_30_GR-2087_ASM.stp.step.383516985.step-2-1/XXL-15547_ASM.stp.step.383516985.step-2-1/SCXXKL.stp.step.step-1,arm6xyz,arm6axis,joint6,continuous,0.0865228142209425,0.0312698366462311,-0.00200082895808329,1.57079632666848,-0.805419606925178,1.91768302051629,Link5,0,0,1,,,,,,,,,,,,
fodder,-0.00339601773321169,0.00291917742216025,0.0994528530289819,0,0,0,0.217145703888995,0.000267276264598299,4.82043613640244E-05,1.38536158699632E-05,0.000261239093471005,-1.42091448926066E-05,0.00025304431434839,0,0,0,0,0,0,package://urdf_0.step.SLDASM/meshes/fodder.STL,0.494117647058824,0.494117647058824,0.525490196078431,1,0,0,0,0,0,0,package://urdf_0.step.SLDASM/meshes/fodder.STL,,瑁呴厤浣_.STEP.step-1/y閫_.step-1;瑁呴厤浣_.STEP.step-1/鐩撮€_.step-1;瑁呴厤浣_.STEP.step-1/45閫_.step-1,fodder_xyz,fodder_axis,fodder,continuous,-0.327484493176961,0.328249642242314,0.864,0,0,0,base_link,0,0,1,,,,,,,,,,,,
